期間,排名,國家,貿易總值（新臺幣千元）,百分比,備註
108年1-9月,1,中國大陸,3349023888,23.87,
108年1-9月,2,美國,1850302270,13.19,
108年1-9月,3,日本,1520749666,10.84,
108年1-9月,4,香港,944285571,6.73,
108年1-9月,5,南韓,790488146,5.63,
108年1-9月,6,新加坡,594811026,4.24,
108年1-9月,7,馬來西亞,455930286,3.25,
108年1-9月,8,德國,368411850,2.63,
108年1-9月,9,越南,367570135,2.62,
108年1-9月,10,澳大利亞,307985030,2.2,
108年1-9月,11,荷蘭,291576596,2.08,
108年1-9月,12,其他國家,260880199,1.86,
108年1-9月,13,泰國,226588549,1.62,
108年1-9月,14,沙烏地阿拉伯,211732596,1.51,
108年1-9月,15,菲律賓,195037334,1.39,
108年1-9月,16,印尼,179363304,1.28,
108年1-9月,17,阿拉伯聯合大公國,147572004,1.05,
108年1-9月,18,印度,132058032,0.94,
108年1-9月,19,英國,129067548,0.92,
108年1-9月,20,法國,112583034,0.8,
108年1-9月,21,義大利,106617731,0.76,
108年1-9月,22,科威特,102447720,0.73,
108年1-9月,23,俄羅斯,100971293,0.72,
108年1-9月,24,加拿大,100340091,0.72,
108年1-9月,25,墨西哥,83211686,0.59,
108年1-9月,26,巴西,76241287,0.54,
108年1-9月,27,卡達,69851635,0.5,
108年1-9月,28,瑞士,55432909,0.4,
108年1-9月,29,比利時,47816497,0.34,
108年1-9月,30,西班牙,46670020,0.33,
108年9月,1,中國大陸,419360910,25.31,
108年9月,2,美國,206847058,12.48,
108年9月,3,日本,183363402,11.06,
108年9月,4,香港,111577351,6.73,
108年9月,5,南韓,86539429,5.22,
108年9月,6,新加坡,75155039,4.54,
108年9月,7,馬來西亞,50164489,3.03,
108年9月,8,荷蘭,50123544,3.02,
108年9月,9,越南,46610341,2.81,
108年9月,10,德國,40538178,2.45,
108年9月,11,其他國家,33771843,2.04,
108年9月,12,澳大利亞,29611223,1.79,
108年9月,13,泰國,25227998,1.52,
108年9月,14,菲律賓,25117475,1.52,
108年9月,15,印尼,24246121,1.46,
108年9月,16,沙烏地阿拉伯,23585255,1.42,
108年9月,17,印度,16324400,0.99,
108年9月,18,阿拉伯聯合大公國,14166479,0.85,
108年9月,19,英國,13920155,0.84,
108年9月,20,義大利,11353564,0.69,
108年9月,21,法國,11308826,0.68,
108年9月,22,俄羅斯,11133186,0.67,
108年9月,23,加拿大,10367399,0.63,
108年9月,24,墨西哥,10334536,0.62,
108年9月,25,卡達,9702159,0.59,
108年9月,26,巴西,9133186,0.55,
108年9月,27,瑞士,6638140,0.4,
108年9月,28,伊拉克,5603700,0.34,
108年9月,29,智利,5423204,0.33,
108年9月,30,比利時,4894115,0.3,
108年8月,1,中國大陸,394848813,24.42,
108年8月,2,美國,210707742,13.03,
108年8月,3,日本,164084265,10.15,
108年8月,4,香港,119516523,7.39,
108年8月,5,南韓,89195435,5.52,
108年8月,6,新加坡,69762938,4.31,
108年8月,7,馬來西亞,50547785,3.13,
108年8月,8,越南,45285051,2.8,
108年8月,9,德國,37468898,2.32,
108年8月,10,荷蘭,36441970,2.25,
108年8月,11,澳大利亞,34130886,2.11,
108年8月,12,其他國家,32816161,2.03,
108年8月,13,沙烏地阿拉伯,25098762,1.55,
108年8月,14,泰國,23460154,1.45,
108年8月,15,菲律賓,22302562,1.38,
108年8月,16,印尼,20734620,1.28,
108年8月,17,科威特,20098726,1.24,
108年8月,18,阿拉伯聯合大公國,16092393,1,
108年8月,19,英國,14677162,0.91,
108年8月,20,印度,14380856,0.89,
108年8月,21,俄羅斯,12630399,0.78,
108年8月,22,義大利,11320058,0.7,
108年8月,23,加拿大,11316373,0.7,
108年8月,24,法國,11223155,0.69,
108年8月,25,墨西哥,10420669,0.64,
108年8月,26,巴西,8768394,0.54,
108年8月,27,智利,6251938,0.39,
108年8月,28,瑞士,6028273,0.37,
108年8月,29,西班牙,5607858,0.35,
108年8月,30,比利時,5278477,0.33,
108年7月,1,中國大陸,397385835,24.32,
108年7月,2,美國,214367549,13.12,
108年7月,3,日本,168902353,10.34,
108年7月,4,香港,109926425,6.73,
108年7月,5,南韓,96421156,5.9,
108年7月,6,新加坡,72226614,4.42,
108年7月,7,馬來西亞,55195451,3.38,
108年7月,8,德國,44424140,2.72,
108年7月,9,越南,40931886,2.51,
108年7月,10,澳大利亞,37068268,2.27,
108年7月,11,其他國家,32687119,2,
108年7月,12,泰國,27188289,1.66,
108年7月,13,菲律賓,23600176,1.44,
108年7月,14,荷蘭,23054885,1.41,
108年7月,15,沙烏地阿拉伯,20155613,1.23,
108年7月,16,阿拉伯聯合大公國,19697878,1.21,
108年7月,17,印尼,19636815,1.2,
108年7月,18,英國,14948089,0.91,
108年7月,19,印度,14300674,0.88,
108年7月,20,科威特,12877658,0.79,
108年7月,21,法國,12808443,0.78,
108年7月,22,墨西哥,12108055,0.74,
108年7月,23,義大利,11968952,0.73,
108年7月,24,俄羅斯,11910208,0.73,
108年7月,25,加拿大,11516872,0.7,
108年7月,26,巴西,10148394,0.62,
108年7月,27,阿曼,7849630,0.48,
108年7月,28,瑞士,6360279,0.39,
108年7月,29,卡達,6221520,0.38,
108年7月,30,比利時,5882826,0.36,
108年6月,1,中國大陸,379832480,22.96,
108年6月,2,美國,224491258,13.57,
108年6月,3,日本,185188217,11.2,
108年6月,4,香港,114614444,6.93,
108年6月,5,南韓,101420742,6.13,
108年6月,6,新加坡,67879970,4.1,
108年6月,7,馬來西亞,54445166,3.29,
108年6月,8,越南,43945411,2.66,
108年6月,9,荷蘭,43081028,2.6,
108年6月,10,德國,41484728,2.51,
108年6月,11,澳大利亞,36908657,2.23,
108年6月,12,泰國,26188422,1.58,
108年6月,13,其他國家,25820819,1.56,
108年6月,14,沙烏地阿拉伯,22186992,1.34,
108年6月,15,菲律賓,20935816,1.27,
108年6月,16,印尼,20513532,1.24,
108年6月,17,阿拉伯聯合大公國,20426505,1.23,
108年6月,18,印度,15109361,0.91,
108年6月,19,英國,14749479,0.89,
108年6月,20,法國,13106209,0.79,
108年6月,21,義大利,12197629,0.74,
108年6月,22,俄羅斯,10857993,0.66,
108年6月,23,伊拉克,10843453,0.66,
108年6月,24,加拿大,10675325,0.65,
108年6月,25,巴西,9070823,0.55,
108年6月,26,科威特,8924674,0.54,
108年6月,27,墨西哥,8656006,0.52,
108年6月,28,瑞士,7393545,0.45,
108年6月,29,卡達,5962671,0.36,
108年6月,30,比利時,5487227,0.33,
108年5月,1,中國大陸,374179440,23.86,
108年5月,2,美國,208318826,13.28,
108年5月,3,日本,154905879,9.88,
108年5月,4,香港,112836686,7.2,
108年5月,5,南韓,82916537,5.29,
108年5月,6,新加坡,66948435,4.27,
108年5月,7,馬來西亞,48834428,3.11,
108年5月,8,德國,45247615,2.89,
108年5月,9,越南,39907287,2.54,
108年5月,10,澳大利亞,36885889,2.35,
108年5月,11,沙烏地阿拉伯,34929882,2.23,
108年5月,12,荷蘭,27967559,1.78,
108年5月,13,其他國家,26652829,1.7,
108年5月,14,泰國,26185742,1.67,
108年5月,15,菲律賓,22875920,1.46,
108年5月,16,印尼,18500371,1.18,
108年5月,17,阿拉伯聯合大公國,15725911,1,
108年5月,18,印度,14655095,0.93,
108年5月,19,英國,13817719,0.88,
108年5月,20,義大利,13401669,0.85,
108年5月,21,法國,12397677,0.79,
108年5月,22,科威特,12048738,0.77,
108年5月,23,俄羅斯,11628789,0.74,
108年5月,24,加拿大,10394704,0.66,
108年5月,25,卡達,9562519,0.61,
108年5月,26,墨西哥,8559692,0.55,
108年5月,27,巴西,8264410,0.53,
108年5月,28,智利,6565308,0.42,
108年5月,29,瑞士,5941893,0.38,
108年5月,30,比利時,5313952,0.34,
108年4月,1,中國大陸,351232081,23.5,
108年4月,2,美國,202661456,13.56,
108年4月,3,日本,160166890,10.72,
108年4月,4,香港,96709764,6.47,
108年4月,5,南韓,85766863,5.74,
108年4月,6,新加坡,63509409,4.25,
108年4月,7,馬來西亞,50346211,3.37,
108年4月,8,越南,41783994,2.8,
108年4月,9,德國,38506011,2.58,
108年4月,10,澳大利亞,33056252,2.21,
108年4月,11,其他國家,26730105,1.79,
108年4月,12,泰國,24083811,1.61,
108年4月,13,沙烏地阿拉伯,23002818,1.54,
108年4月,14,印尼,22302785,1.49,
108年4月,15,荷蘭,22227492,1.49,
108年4月,16,阿拉伯聯合大公國,20328102,1.36,
108年4月,17,菲律賓,18534748,1.24,
108年4月,18,英國,14411207,0.96,
108年4月,19,印度,13655935,0.91,
108年4月,20,加拿大,13179175,0.88,
108年4月,21,法國,12186896,0.82,
108年4月,22,科威特,11505509,0.77,
108年4月,23,義大利,11146934,0.75,
108年4月,24,俄羅斯,9580760,0.64,
108年4月,25,巴西,9106253,0.61,
108年4月,26,墨西哥,9040126,0.6,
108年4月,27,卡達,7999128,0.54,
108年4月,28,瑞士,5919578,0.4,
108年4月,29,西班牙,5636489,0.38,
108年4月,30,比利時,4688788,0.31,
108年3月,1,中國大陸,396139287,23.82,
108年3月,2,美國,216486240,13.02,
108年3月,3,日本,198139014,11.92,
108年3月,4,香港,111287914,6.69,
108年3月,5,南韓,88064717,5.3,
108年3月,6,新加坡,64607183,3.89,
108年3月,7,馬來西亞,54217583,3.26,
108年3月,8,越南,45879219,2.76,
108年3月,9,德國,45369355,2.73,
108年3月,10,澳大利亞,36653560,2.2,
108年3月,11,荷蘭,34636111,2.08,
108年3月,12,其他國家,31771220,1.91,
108年3月,13,泰國,27041191,1.63,
108年3月,14,菲律賓,21144515,1.27,
108年3月,15,印尼,20519678,1.23,
108年3月,16,沙烏地阿拉伯,19604943,1.18,
108年3月,17,阿拉伯聯合大公國,15564445,0.94,
108年3月,18,英國,15550194,0.94,
108年3月,19,印度,14897670,0.9,
108年3月,20,科威特,14218235,0.86,
108年3月,21,法國,14171881,0.85,
108年3月,22,義大利,12956633,0.78,
108年3月,23,加拿大,12726481,0.77,
108年3月,24,俄羅斯,11617811,0.7,
108年3月,25,墨西哥,9032443,0.54,
108年3月,26,卡達,8625577,0.52,
108年3月,27,巴西,8039810,0.48,
108年3月,28,阿曼,7390811,0.44,
108年3月,29,西班牙,6876895,0.41,
108年3月,30,比利時,6868589,0.41,
108年2月,1,中國大陸,240284807,21.91,
108年2月,2,美國,146879379,13.39,
108年2月,3,日本,135215106,12.33,
108年2月,4,香港,68068218,6.21,
108年2月,5,南韓,61644611,5.62,
108年2月,6,新加坡,50724333,4.63,
108年2月,7,馬來西亞,35234607,3.21,
108年2月,8,德國,29930055,2.73,
108年2月,9,澳大利亞,25741761,2.35,
108年2月,10,荷蘭,25687743,2.34,
108年2月,11,越南,25660968,2.34,
108年2月,12,泰國,20343232,1.85,
108年2月,13,其他國家,19713390,1.8,
108年2月,14,菲律賓,19495391,1.78,
108年2月,15,沙烏地阿拉伯,13062969,1.19,
108年2月,16,印尼,12021884,1.1,
108年2月,17,印度,11773742,1.07,
108年2月,18,英國,10903585,0.99,
108年2月,19,法國,10324283,0.94,
108年2月,20,阿拉伯聯合大公國,9549323,0.87,
108年2月,21,義大利,8929803,0.81,
108年2月,22,加拿大,8142185,0.74,
108年2月,23,俄羅斯,7810447,0.71,
108年2月,24,伊拉克,7186398,0.66,
108年2月,25,墨西哥,5987445,0.55,
108年2月,26,卡達,5883078,0.54,
108年2月,27,巴西,4143808,0.38,
108年2月,28,瑞士,4103990,0.37,
108年2月,29,比利時,4025435,0.37,
108年2月,30,以色列,3730273,0.34,
108年1月,1,中國大陸,395760235,24.06,
108年1月,2,美國,219542762,13.35,
108年1月,3,日本,170784540,10.38,
108年1月,4,香港,99748246,6.06,
108年1月,5,南韓,98518656,5.99,
108年1月,6,新加坡,63997105,3.89,
108年1月,7,馬來西亞,56944566,3.46,
108年1月,8,德國,45442870,2.76,
108年1月,9,澳大利亞,37928534,2.31,
108年1月,10,越南,37565978,2.28,
108年1月,11,其他國家,30916713,1.88,
108年1月,12,沙烏地阿拉伯,30105362,1.83,
108年1月,13,荷蘭,28356264,1.72,
108年1月,14,泰國,26869710,1.63,
108年1月,15,菲律賓,21030731,1.28,
108年1月,16,印尼,20887498,1.27,
108年1月,17,印度,16960299,1.03,
108年1月,18,英國,16089958,0.98,
108年1月,19,阿拉伯聯合大公國,16020968,0.97,
108年1月,20,法國,15055664,0.92,
108年1月,21,科威特,14610955,0.89,
108年1月,22,俄羅斯,13801700,0.84,
108年1月,23,義大利,13342489,0.81,
108年1月,24,加拿大,12021577,0.73,
108年1月,25,卡達,10835200,0.66,
108年1月,26,巴西,9566209,0.58,
108年1月,27,墨西哥,9072714,0.55,
108年1月,28,瑞士,6179577,0.38,
108年1月,29,以色列,5936541,0.36,
108年1月,30,阿曼,5778855,0.35,
107年1-12月,1,中國大陸,4531484813,24.29,
107年1-12月,2,美國,2190330109,11.74,
107年1-12月,3,日本,2017270090,10.81,
107年1-12月,4,香港,1290080709,6.92,
107年1-12月,5,南韓,1064351613,5.71,
107年1-12月,6,新加坡,776282441,4.16,
107年1-12月,7,馬來西亞,600443483,3.22,
107年1-12月,8,德國,513193767,2.75,
107年1-12月,9,越南,436393115,2.34,
107年1-12月,10,澳大利亞,390645176,2.09,
107年1-12月,11,菲律賓,343812047,1.84,
107年1-12月,12,其他國家,341668979,1.83,
107年1-12月,13,泰國,323740135,1.74,
107年1-12月,14,荷蘭,293909121,1.58,
107年1-12月,15,沙烏地阿拉伯,282780811,1.52,
107年1-12月,16,印尼,266116142,1.43,
107年1-12月,17,印度,212003957,1.14,
107年1-12月,18,英國,178943137,0.96,
107年1-12月,19,阿拉伯聯合大公國,176188212,0.94,
107年1-12月,20,俄羅斯,162149834,0.87,
107年1-12月,21,法國,161801491,0.87,
107年1-12月,22,科威特,158889400,0.85,
107年1-12月,23,義大利,151110790,0.81,
107年1-12月,24,加拿大,135666031,0.73,
107年1-12月,25,墨西哥,98782068,0.53,
107年1-12月,26,卡達,92037404,0.49,
107年1-12月,27,巴西,89742045,0.48,
107年1-12月,28,阿曼,75920894,0.41,
107年1-12月,29,瑞士,75476682,0.4,
107年1-12月,30,比利時,62313380,0.33,
107年12月,1,中國大陸,399006284,24.84,
107年12月,2,美國,205602335,12.8,
107年12月,3,日本,167559064,10.43,
107年12月,4,香港,101945019,6.35,
107年12月,5,南韓,85730457,5.34,
107年12月,6,新加坡,64571459,4.02,
107年12月,7,馬來西亞,54152381,3.37,
107年12月,8,德國,44784344,2.79,
107年12月,9,澳大利亞,40829267,2.54,
107年12月,10,越南,39858159,2.48,
107年12月,11,荷蘭,28911836,1.8,
107年12月,12,其他國家,28240704,1.76,
107年12月,13,泰國,24822072,1.55,
107年12月,14,印尼,21321623,1.33,
107年12月,15,菲律賓,20528735,1.28,
107年12月,16,沙烏地阿拉伯,20439890,1.27,
107年12月,17,印度,16940479,1.05,
107年12月,18,英國,16187902,1.01,
107年12月,19,阿拉伯聯合大公國,14616164,0.91,
107年12月,20,義大利,13228546,0.82,
107年12月,21,法國,13056824,0.81,
107年12月,22,俄羅斯,12665627,0.79,
107年12月,23,加拿大,11840891,0.74,
107年12月,24,科威特,10576954,0.66,
107年12月,25,阿曼,10315445,0.64,
107年12月,26,巴西,8889301,0.55,
107年12月,27,墨西哥,8553606,0.53,
107年12月,28,伊拉克,8133685,0.51,
107年12月,29,卡達,6409003,0.4,
107年12月,30,瑞士,6063310,0.38,
107年11月,1,中國大陸,396415388,25.35,
107年11月,2,美國,195143811,12.48,
107年11月,3,日本,166651192,10.66,
107年11月,4,香港,101920105,6.52,
107年11月,5,南韓,94928555,6.07,
107年11月,6,新加坡,68222270,4.36,
107年11月,7,馬來西亞,52846196,3.38,
107年11月,8,德國,38960980,2.49,
107年11月,9,越南,36194709,2.31,
107年11月,10,澳大利亞,32300199,2.07,
107年11月,11,其他國家,32050170,2.05,
107年11月,12,泰國,26129222,1.67,
107年11月,13,菲律賓,26000970,1.66,
107年11月,14,印尼,24519987,1.57,
107年11月,15,沙烏地阿拉伯,22466385,1.44,
107年11月,16,荷蘭,21881455,1.4,
107年11月,17,科威特,18147148,1.16,
107年11月,18,印度,17568142,1.12,
107年11月,19,英國,14238361,0.91,
107年11月,20,俄羅斯,12278056,0.79,
107年11月,21,阿拉伯聯合大公國,12220037,0.78,
107年11月,22,法國,11239399,0.72,
107年11月,23,加拿大,10930691,0.7,
107年11月,24,義大利,10830735,0.69,
107年11月,25,墨西哥,8496622,0.54,
107年11月,26,卡達,7588642,0.49,
107年11月,27,巴西,6217231,0.4,
107年11月,28,瑞士,5908711,0.38,
107年11月,29,阿曼,5498690,0.35,
107年11月,30,巴基斯坦,4705741,0.3,
107年10月,1,中國大陸,428143017,25.03,
107年10月,2,美國,198561424,11.61,
107年10月,3,日本,182786016,10.69,
107年10月,4,香港,112828993,6.6,
107年10月,5,南韓,112028845,6.55,
107年10月,6,新加坡,75340687,4.41,
107年10月,7,馬來西亞,55839600,3.27,
107年10月,8,德國,45531635,2.66,
107年10月,9,越南,40225610,2.35,
107年10月,10,澳大利亞,37997005,2.22,
107年10月,11,其他國家,31527775,1.84,
107年10月,12,菲律賓,29060738,1.7,
107年10月,13,泰國,28890232,1.69,
107年10月,14,沙烏地阿拉伯,26247029,1.53,
107年10月,15,荷蘭,24184233,1.41,
107年10月,16,印尼,23882634,1.4,
107年10月,17,印度,19800532,1.16,
107年10月,18,法國,16072428,0.94,
107年10月,19,阿拉伯聯合大公國,16046159,0.94,
107年10月,20,俄羅斯,15274085,0.89,
107年10月,21,英國,14422660,0.84,
107年10月,22,義大利,12438515,0.73,
107年10月,23,加拿大,11954809,0.7,
107年10月,24,科威特,10383484,0.61,
107年10月,25,墨西哥,9798787,0.57,
107年10月,26,瑞士,7596230,0.44,
107年10月,27,伊拉克,7428176,0.43,
107年10月,28,巴西,6262685,0.37,
107年10月,29,卡達,5866584,0.34,
107年10月,30,比利時,5336908,0.31,
107年9月,1,中國大陸,415107189,24.71,
107年9月,2,美國,203139569,12.09,
107年9月,3,日本,175117837,10.43,
107年9月,4,香港,114492972,6.82,
107年9月,5,南韓,97905482,5.83,
107年9月,6,新加坡,66785659,3.98,
107年9月,7,馬來西亞,52519896,3.13,
107年9月,8,德國,47836912,2.85,
107年9月,9,越南,39708166,2.36,
107年9月,10,澳大利亞,35921862,2.14,
107年9月,11,荷蘭,31894263,1.9,
107年9月,12,其他國家,29803910,1.77,
107年9月,13,泰國,27662899,1.65,
107年9月,14,印尼,26359519,1.57,
107年9月,15,沙烏地阿拉伯,26013857,1.55,
107年9月,16,菲律賓,25361527,1.51,
107年9月,17,印度,20674989,1.23,
107年9月,18,英國,16881962,1.01,
107年9月,19,科威特,16574019,0.99,
107年9月,20,俄羅斯,13576624,0.81,
107年9月,21,法國,13263238,0.79,
107年9月,22,義大利,12541891,0.75,
107年9月,23,阿拉伯聯合大公國,12187656,0.73,
107年9月,24,加拿大,11959433,0.71,
107年9月,25,瑞士,9262580,0.55,
107年9月,26,墨西哥,8445504,0.5,
107年9月,27,伊朗,7581641,0.45,
107年9月,28,巴西,7252828,0.43,
107年9月,29,西班牙,6804934,0.41,
107年9月,30,卡達,6522262,0.39,
107年8月,1,中國大陸,371248379,23.43,
107年8月,2,美國,190578072,12.03,
107年8月,3,日本,162593948,10.26,
107年8月,4,香港,116100048,7.33,
107年8月,5,南韓,99315216,6.27,
107年8月,6,新加坡,65926377,4.16,
107年8月,7,馬來西亞,53902756,3.4,
107年8月,8,德國,41550977,2.62,
107年8月,9,越南,38302354,2.42,
107年8月,10,其他國家,31296873,1.98,
107年8月,11,荷蘭,31086599,1.96,
107年8月,12,澳大利亞,29517482,1.86,
107年8月,13,菲律賓,28845338,1.82,
107年8月,14,泰國,26133399,1.65,
107年8月,15,沙烏地阿拉伯,25034173,1.58,
107年8月,16,印尼,24806724,1.57,
107年8月,17,印度,19219040,1.21,
107年8月,18,阿拉伯聯合大公國,15678114,0.99,
107年8月,19,英國,15428619,0.97,
107年8月,20,義大利,13254991,0.84,
107年8月,21,俄羅斯,13240566,0.84,
107年8月,22,科威特,13122462,0.83,
107年8月,23,加拿大,12755383,0.8,
107年8月,24,法國,12481167,0.79,
107年8月,25,墨西哥,9188072,0.58,
107年8月,26,卡達,8234665,0.52,
107年8月,27,瑞士,6925783,0.44,
107年8月,28,巴西,6290471,0.4,
107年8月,29,阿曼,5420719,0.34,
107年8月,30,比利時,4641912,0.29,
107年7月,1,中國大陸,383141931,23.2,
107年7月,2,美國,197620264,11.97,
107年7月,3,日本,182625594,11.06,
107年7月,4,香港,115181277,6.97,
107年7月,5,南韓,102158424,6.19,
107年7月,6,新加坡,70578019,4.27,
107年7月,7,馬來西亞,53092339,3.21,
107年7月,8,德國,44955525,2.72,
107年7月,9,越南,37541557,2.27,
107年7月,10,澳大利亞,35149577,2.13,
107年7月,11,菲律賓,29603431,1.79,
107年7月,12,其他國家,29433950,1.78,
107年7月,13,泰國,28469170,1.72,
107年7月,14,印尼,26420866,1.6,
107年7月,15,沙烏地阿拉伯,22135044,1.34,
107年7月,16,荷蘭,21134921,1.28,
107年7月,17,印度,19709874,1.19,
107年7月,18,科威特,18049624,1.09,
107年7月,19,俄羅斯,16392615,0.99,
107年7月,20,英國,16263462,0.98,
107年7月,21,法國,13269785,0.8,
107年7月,22,義大利,11792227,0.71,
107年7月,23,阿拉伯聯合大公國,11635452,0.7,
107年7月,24,加拿大,11302809,0.68,
107年7月,25,伊拉克,11019306,0.67,
107年7月,26,墨西哥,8677720,0.53,
107年7月,27,伊朗,7626564,0.46,
107年7月,28,瑞士,6602947,0.4,
107年7月,29,巴西,6176937,0.37,
107年7月,30,卡達,6071141,0.37,
107年6月,1,中國大陸,358200978,23.48,
107年6月,2,日本,170376902,11.17,
107年6月,3,美國,169530338,11.11,
107年6月,4,香港,113320227,7.43,
107年6月,5,南韓,74117178,4.86,
107年6月,6,新加坡,68564202,4.5,
107年6月,7,馬來西亞,47075723,3.09,
107年6月,8,德國,42418346,2.78,
107年6月,9,越南,34886075,2.29,
107年6月,10,澳大利亞,32287787,2.12,
107年6月,11,菲律賓,30219306,1.98,
107年6月,12,泰國,27369726,1.79,
107年6月,13,其他國家,26066862,1.71,
107年6月,14,荷蘭,24910928,1.63,
107年6月,15,沙烏地阿拉伯,23301559,1.53,
107年6月,16,印尼,20521844,1.35,
107年6月,17,阿拉伯聯合大公國,20022561,1.31,
107年6月,18,印度,16923572,1.11,
107年6月,19,俄羅斯,16792243,1.1,
107年6月,20,法國,16133719,1.06,
107年6月,21,科威特,15130348,0.99,
107年6月,22,英國,15010048,0.98,
107年6月,23,義大利,12397349,0.81,
107年6月,24,加拿大,9989341,0.65,
107年6月,25,墨西哥,8167305,0.54,
107年6月,26,阿曼,7891481,0.52,
107年6月,27,亞塞拜然,7594408,0.5,
107年6月,28,巴西,6479860,0.42,
107年6月,29,卡達,6083835,0.4,
107年6月,30,瑞士,5696199,0.37,
107年5月,1,中國大陸,384040899,24.16,
107年5月,2,美國,189427429,11.92,
107年5月,3,日本,163514959,10.29,
107年5月,4,香港,114408489,7.2,
107年5月,5,南韓,85442847,5.37,
107年5月,6,新加坡,64199481,4.04,
107年5月,7,馬來西亞,52007823,3.27,
107年5月,8,德國,47325622,2.98,
107年5月,9,越南,38088891,2.4,
107年5月,10,澳大利亞,29580330,1.86,
107年5月,11,菲律賓,29395666,1.85,
107年5月,12,泰國,29139567,1.83,
107年5月,13,沙烏地阿拉伯,28193812,1.77,
107年5月,14,荷蘭,26235889,1.65,
107年5月,15,其他國家,26203463,1.65,
107年5月,16,印尼,21650128,1.36,
107年5月,17,俄羅斯,16704829,1.05,
107年5月,18,英國,15859146,1,
107年5月,19,印度,14773275,0.93,
107年5月,20,阿拉伯聯合大公國,13733428,0.86,
107年5月,21,義大利,13280129,0.84,
107年5月,22,加拿大,13096443,0.82,
107年5月,23,法國,11760869,0.74,
107年5月,24,卡達,10803988,0.68,
107年5月,25,伊朗,10283276,0.65,
107年5月,26,科威特,9731799,0.61,
107年5月,27,巴西,9258686,0.58,
107年5月,28,墨西哥,8351932,0.53,
107年5月,29,阿曼,6462049,0.41,
107年5月,30,瑞士,5904476,0.37,
107年4月,1,中國大陸,343196767,23.99,
107年4月,2,日本,163221585,11.41,
107年4月,3,美國,160079841,11.19,
107年4月,4,香港,106883708,7.47,
107年4月,5,南韓,81597453,5.7,
107年4月,6,新加坡,59378237,4.15,
107年4月,7,馬來西亞,47990289,3.36,
107年4月,8,德國,37846314,2.65,
107年4月,9,越南,33812046,2.36,
107年4月,10,菲律賓,29114328,2.04,
107年4月,11,澳大利亞,28546207,2,
107年4月,12,泰國,25961569,1.82,
107年4月,13,其他國家,25557136,1.79,
107年4月,14,荷蘭,19596986,1.37,
107年4月,15,沙烏地阿拉伯,19183077,1.34,
107年4月,16,印尼,17109443,1.2,
107年4月,17,印度,15801253,1.1,
107年4月,18,阿拉伯聯合大公國,15127467,1.06,
107年4月,19,英國,13850126,0.97,
107年4月,20,義大利,12224297,0.85,
107年4月,21,科威特,11102467,0.78,
107年4月,22,加拿大,11062124,0.77,
107年4月,23,法國,10502317,0.73,
107年4月,24,阿曼,10292070,0.72,
107年4月,25,俄羅斯,10032750,0.7,
107年4月,26,卡達,7601060,0.53,
107年4月,27,墨西哥,7160672,0.5,
107年4月,28,巴西,6698507,0.47,
107年4月,29,比利時,5513061,0.39,
107年4月,30,西班牙,4820861,0.34,
107年3月,1,中國大陸,409798030,26.12,
107年3月,2,日本,173094518,11.03,
107年3月,3,美國,170213480,10.85,
107年3月,4,香港,109035606,6.95,
107年3月,5,南韓,79288581,5.05,
107年3月,6,新加坡,58603121,3.73,
107年3月,7,馬來西亞,48960369,3.12,
107年3月,8,德國,42852769,2.73,
107年3月,9,越南,37006397,2.36,
107年3月,10,菲律賓,32539396,2.07,
107年3月,11,澳大利亞,31751923,2.02,
107年3月,12,泰國,29296692,1.87,
107年3月,13,其他國家,27744422,1.77,
107年3月,14,沙烏地阿拉伯,26677259,1.7,
107年3月,15,荷蘭,23747041,1.51,
107年3月,16,印尼,21843936,1.39,
107年3月,17,法國,16725755,1.07,
107年3月,18,印度,16233072,1.03,
107年3月,19,英國,14169206,0.9,
107年3月,20,阿拉伯聯合大公國,14055026,0.9,
107年3月,21,俄羅斯,13656052,0.87,
107年3月,22,義大利,13570229,0.86,
107年3月,23,科威特,12974173,0.83,
107年3月,24,加拿大,10909326,0.7,
107年3月,25,卡達,10515597,0.67,
107年3月,26,墨西哥,7795351,0.5,
107年3月,27,巴西,6715871,0.43,
107年3月,28,伊朗,5705005,0.36,
107年3月,29,西班牙,5462265,0.35,
107年3月,30,瑞士,5418157,0.35,
107年2月,1,中國大陸,269699847,22.32,
107年2月,2,日本,145150672,12.01,
107年2月,3,美國,144416335,11.95,
107年2月,4,香港,75462693,6.24,
107年2月,5,南韓,64921337,5.37,
107年2月,6,新加坡,50076720,4.14,
107年2月,7,馬來西亞,35073927,2.9,
107年2月,8,德國,34705984,2.87,
107年2月,9,菲律賓,27617476,2.29,
107年2月,10,其他國家,24629206,2.04,
107年2月,11,澳大利亞,24510618,2.03,
107年2月,12,越南,23558569,1.95,
107年2月,13,沙烏地阿拉伯,23227916,1.92,
107年2月,14,泰國,22285413,1.84,
107年2月,15,荷蘭,16731525,1.38,
107年2月,16,印度,16512659,1.37,
107年2月,17,印尼,16037860,1.33,
107年2月,18,阿拉伯聯合大公國,14545649,1.2,
107年2月,19,義大利,11661025,0.96,
107年2月,20,英國,11370902,0.94,
107年2月,21,科威特,11076241,0.92,
107年2月,22,法國,9571811,0.79,
107年2月,23,俄羅斯,9192984,0.76,
107年2月,24,加拿大,8847264,0.73,
107年2月,25,巴西,7909638,0.65,
107年2月,26,卡達,7034539,0.58,
107年2月,27,墨西哥,6481982,0.54,
107年2月,28,南非,5362068,0.44,
107年2月,29,瑞士,4696702,0.39,
107年2月,30,比利時,4578702,0.38,
107年1月,1,中國大陸,373486104,24.29,
107年1月,2,美國,166017211,10.8,
107年1月,3,日本,164577803,10.7,
107年1月,4,香港,108501572,7.06,
107年1月,5,南韓,86917238,5.65,
107年1月,6,新加坡,64036209,4.16,
107年1月,7,馬來西亞,46982184,3.06,
107年1月,8,德國,44424359,2.89,
107年1月,9,越南,37210582,2.42,
107年1月,10,菲律賓,35525136,2.31,
107年1月,11,澳大利亞,32252919,2.1,
107年1月,12,其他國家,29114508,1.89,
107年1月,13,泰國,27580174,1.79,
107年1月,14,荷蘭,23593445,1.53,
107年1月,15,印尼,21641578,1.41,
107年1月,16,沙烏地阿拉伯,19860810,1.29,
107年1月,17,印度,17847070,1.16,
107年1月,18,法國,17724179,1.15,
107年1月,19,阿拉伯聯合大公國,16320499,1.06,
107年1月,20,英國,15260743,0.99,
107年1月,21,義大利,13890856,0.9,
107年1月,22,俄羅斯,12343403,0.8,
107年1月,23,科威特,12020681,0.78,
107年1月,24,巴西,11590030,0.75,
107年1月,25,加拿大,11017517,0.72,
107年1月,26,卡達,9306088,0.61,
107年1月,27,阿曼,9255302,0.6,
107年1月,28,墨西哥,7664515,0.5,
107年1月,29,瑞士,6873590,0.45,
107年1月,30,比利時,5372762,0.35,
106年1-12月,1,中國大陸,4224088470,24.22,
106年1-12月,2,美國,1985071206,11.38,
106年1-12月,3,日本,1904006511,10.92,
106年1-12月,4,香港,1299198952,7.45,
106年1-12月,5,南韓,953655147,5.47,
106年1-12月,6,新加坡,802533649,4.6,
106年1-12月,7,馬來西亞,534179455,3.06,
106年1-12月,8,德國,475833291,2.73,
106年1-12月,9,越南,413287322,2.37,
106年1-12月,10,菲律賓,364794888,2.09,
106年1-12月,11,澳大利亞,340360438,1.95,
106年1-12月,12,泰國,327152062,1.88,
106年1-12月,13,其他國家,279656347,1.6,
106年1-12月,14,荷蘭,256895298,1.47,
106年1-12月,15,印尼,246030688,1.41,
106年1-12月,16,沙烏地阿拉伯,241510750,1.38,
106年1-12月,17,印度,193151368,1.11,
106年1-12月,18,英國,173591788,1,
106年1-12月,19,法國,170904697,0.98,
106年1-12月,20,阿拉伯聯合大公國,158433689,0.91,
106年1-12月,21,義大利,138685814,0.8,
106年1-12月,22,俄羅斯,133720732,0.77,
106年1-12月,23,巴西,117650363,0.67,
106年1-12月,24,加拿大,116530097,0.67,
106年1-12月,25,科威特,113181092,0.65,
106年1-12月,26,墨西哥,90275122,0.52,
106年1-12月,27,卡達,83434333,0.48,
106年1-12月,28,瑞士,64101706,0.37,
106年1-12月,29,比利時,60410593,0.35,
106年1-12月,30,土耳其,55288042,0.32,
106年12月,1,中國大陸,401792277,25.47,
106年12月,2,美國,175415358,11.12,
106年12月,3,日本,167191609,10.6,
106年12月,4,香港,121823017,7.72,
106年12月,5,南韓,76125782,4.83,
106年12月,6,新加坡,67812907,4.3,
106年12月,7,馬來西亞,46586108,2.95,
106年12月,8,德國,43077363,2.73,
106年12月,9,越南,35648574,2.26,
106年12月,10,菲律賓,32892529,2.08,
106年12月,11,澳大利亞,28756667,1.82,
106年12月,12,沙烏地阿拉伯,26859832,1.7,
106年12月,13,荷蘭,26574667,1.68,
106年12月,14,泰國,25752936,1.63,
106年12月,15,印尼,22976500,1.46,
106年12月,16,其他國家,21018974,1.33,
106年12月,17,法國,18776787,1.19,
106年12月,18,印度,17570335,1.11,
106年12月,19,英國,16439913,1.04,
106年12月,20,阿拉伯聯合大公國,14407497,0.91,
106年12月,21,義大利,13303705,0.84,
106年12月,22,俄羅斯,12383810,0.78,
106年12月,23,科威特,11187292,0.71,
106年12月,24,加拿大,9248684,0.59,
106年12月,25,巴西,9232668,0.59,
106年12月,26,墨西哥,8259306,0.52,
106年12月,27,卡達,8258955,0.52,
106年12月,28,伊朗,7348123,0.47,
106年12月,29,阿曼,5837317,0.37,
106年12月,30,瑞士,5351510,0.34,
106年11月,1,中國大陸,403141468,26.06,
106年11月,2,美國,177064044,11.44,
106年11月,3,日本,161616414,10.45,
106年11月,4,香港,120872827,7.81,
106年11月,5,南韓,84032156,5.43,
106年11月,6,新加坡,66485850,4.3,
106年11月,7,馬來西亞,47977266,3.1,
106年11月,8,德國,40272677,2.6,
106年11月,9,越南,36039115,2.33,
106年11月,10,菲律賓,31711229,2.05,
106年11月,11,其他國家,27490228,1.78,
106年11月,12,泰國,26544910,1.72,
106年11月,13,澳大利亞,25036071,1.62,
106年11月,14,荷蘭,22466589,1.45,
106年11月,15,印尼,20595528,1.33,
106年11月,16,印度,17236392,1.11,
106年11月,17,法國,16136250,1.04,
106年11月,18,沙烏地阿拉伯,15529033,1,
106年11月,19,英國,14981416,0.97,
106年11月,20,阿拉伯聯合大公國,13791031,0.89,
106年11月,21,俄羅斯,13412167,0.87,
106年11月,22,加拿大,11570775,0.75,
106年11月,23,巴西,10997114,0.71,
106年11月,24,義大利,10883339,0.7,
106年11月,25,安哥拉,8814717,0.57,
106年11月,26,科威特,8609607,0.56,
106年11月,27,墨西哥,7349654,0.48,
106年11月,28,卡達,6918979,0.45,
106年11月,29,瑞士,5939570,0.38,
106年11月,30,土耳其,4960644,0.32,
106年10月,1,中國大陸,384226711,25.69,
106年10月,2,美國,161434150,10.79,
106年10月,3,日本,159629788,10.67,
106年10月,4,香港,113476368,7.59,
106年10月,5,南韓,84812921,5.67,
106年10月,6,新加坡,67563300,4.52,
106年10月,7,馬來西亞,48985567,3.28,
106年10月,8,德國,39348853,2.63,
106年10月,9,越南,36288469,2.43,
106年10月,10,荷蘭,29707936,1.99,
106年10月,11,澳大利亞,29553113,1.98,
106年10月,12,泰國,27538391,1.84,
106年10月,13,菲律賓,26401567,1.77,
106年10月,14,其他國家,25546205,1.71,
106年10月,15,印尼,21848439,1.46,
106年10月,16,印度,14702025,0.98,
106年10月,17,沙烏地阿拉伯,14295206,0.96,
106年10月,18,英國,14174017,0.95,
106年10月,19,法國,12522333,0.84,
106年10月,20,巴西,10879520,0.73,
106年10月,21,阿拉伯聯合大公國,10873476,0.73,
106年10月,22,義大利,10258669,0.69,
106年10月,23,科威特,9662443,0.65,
106年10月,24,俄羅斯,9535850,0.64,
106年10月,25,加拿大,9055310,0.61,
106年10月,26,墨西哥,7572579,0.51,
106年10月,27,卡達,7290436,0.49,
106年10月,28,安哥拉,7054416,0.47,
106年10月,29,伊朗,6190714,0.41,
106年10月,30,土耳其,5125262,0.34,
106年9月,1,中國大陸,383250906,25.03,
106年9月,2,美國,170544568,11.14,
106年9月,3,日本,165830148,10.83,
106年9月,4,香港,119208937,7.79,
106年9月,5,南韓,87592380,5.72,
106年9月,6,新加坡,63798054,4.17,
106年9月,7,馬來西亞,46829377,3.06,
106年9月,8,德國,42094980,2.75,
106年9月,9,越南,37840275,2.47,
106年9月,10,菲律賓,28759449,1.88,
106年9月,11,沙烏地阿拉伯,27491739,1.8,
106年9月,12,澳大利亞,27314085,1.78,
106年9月,13,泰國,27228980,1.78,
106年9月,14,荷蘭,24928681,1.63,
106年9月,15,其他國家,22736526,1.49,
106年9月,16,印尼,19412350,1.27,
106年9月,17,法國,17073513,1.12,
106年9月,18,英國,15156238,0.99,
106年9月,19,巴西,13384284,0.87,
106年9月,20,印度,12399407,0.81,
106年9月,21,阿拉伯聯合大公國,11617597,0.76,
106年9月,22,義大利,11459683,0.75,
106年9月,23,俄羅斯,10709556,0.7,
106年9月,24,加拿大,9590832,0.63,
106年9月,25,科威特,9449095,0.62,
106年9月,26,墨西哥,9152926,0.6,
106年9月,27,卡達,6596165,0.43,
106年9月,28,瑞士,5742570,0.38,
106年9月,29,伊朗,5700170,0.37,
106年9月,30,比利時,5349091,0.35,
106年8月,1,中國大陸,366481721,24.48,
106年8月,2,美國,174386740,11.65,
106年8月,3,日本,155513615,10.39,
106年8月,4,香港,113571098,7.58,
106年8月,5,南韓,84368919,5.63,
106年8月,6,新加坡,70220972,4.69,
106年8月,7,馬來西亞,49868900,3.33,
106年8月,8,德國,40686243,2.72,
106年8月,9,越南,37055590,2.47,
106年8月,10,菲律賓,32763589,2.19,
106年8月,11,澳大利亞,30602829,2.04,
106年8月,12,泰國,27570223,1.84,
106年8月,13,其他國家,23508463,1.57,
106年8月,14,印尼,20045683,1.34,
106年8月,15,沙烏地阿拉伯,17858089,1.19,
106年8月,16,荷蘭,17137537,1.14,
106年8月,17,印度,15381037,1.03,
106年8月,18,英國,13879879,0.93,
106年8月,19,法國,13327938,0.89,
106年8月,20,阿拉伯聯合大公國,12517887,0.84,
106年8月,21,義大利,11696572,0.78,
106年8月,22,俄羅斯,10113026,0.68,
106年8月,23,巴西,9997077,0.67,
106年8月,24,加拿大,9995979,0.67,
106年8月,25,科威特,9768486,0.65,
106年8月,26,卡達,9133888,0.61,
106年8月,27,墨西哥,7701198,0.51,
106年8月,28,西班牙,5949928,0.4,
106年8月,29,土耳其,5500368,0.37,
106年8月,30,比利時,5276353,0.35,
106年7月,1,中國大陸,349892620,23.74,
106年7月,2,日本,165946386,11.26,
106年7月,3,美國,164632987,11.17,
106年7月,4,香港,108673100,7.37,
106年7月,5,南韓,81951828,5.56,
106年7月,6,新加坡,70935114,4.81,
106年7月,7,馬來西亞,42334387,2.87,
106年7月,8,德國,39426732,2.67,
106年7月,9,越南,35266010,2.39,
106年7月,10,澳大利亞,31662600,2.15,
106年7月,11,菲律賓,31297652,2.12,
106年7月,12,泰國,30446954,2.07,
106年7月,13,其他國家,26985033,1.83,
106年7月,14,沙烏地阿拉伯,19793546,1.34,
106年7月,15,印尼,19470919,1.32,
106年7月,16,荷蘭,17949577,1.22,
106年7月,17,英國,16028140,1.09,
106年7月,18,法國,15957634,1.08,
106年7月,19,阿拉伯聯合大公國,15532646,1.05,
106年7月,20,印度,14692636,1,
106年7月,21,科威特,11969709,0.81,
106年7月,22,義大利,11070931,0.75,
106年7月,23,巴西,10291373,0.7,
106年7月,24,俄羅斯,9830157,0.67,
106年7月,25,加拿大,9410067,0.64,
106年7月,26,墨西哥,7278257,0.49,
106年7月,27,卡達,6857212,0.47,
106年7月,28,比利時,6249414,0.42,
106年7月,29,伊拉克,6137414,0.42,
106年7月,30,南非,5428493,0.37,
106年6月,1,中國大陸,331098091,24.17,
106年6月,2,美國,154872020,11.3,
106年6月,3,日本,152736241,11.15,
106年6月,4,香港,103765096,7.57,
106年6月,5,南韓,75391979,5.5,
106年6月,6,新加坡,66959415,4.89,
106年6月,7,馬來西亞,42054728,3.07,
106年6月,8,德國,40762242,2.98,
106年6月,9,越南,33952287,2.48,
106年6月,10,菲律賓,28803286,2.1,
106年6月,11,泰國,26821244,1.96,
106年6月,12,其他國家,24260458,1.77,
106年6月,13,澳大利亞,21754268,1.59,
106年6月,14,荷蘭,20045508,1.46,
106年6月,15,印尼,17355337,1.27,
106年6月,16,沙烏地阿拉伯,14932182,1.09,
106年6月,17,印度,14456805,1.06,
106年6月,18,英國,14009821,1.02,
106年6月,19,阿拉伯聯合大公國,13064770,0.95,
106年6月,20,俄羅斯,12190107,0.89,
106年6月,21,義大利,11570183,0.84,
106年6月,22,法國,10238038,0.75,
106年6月,23,巴西,8840790,0.65,
106年6月,24,加拿大,8379025,0.61,
106年6月,25,墨西哥,6872268,0.5,
106年6月,26,瑞士,6458615,0.47,
106年6月,27,卡達,6324899,0.46,
106年6月,28,安哥拉,6137761,0.45,
106年6月,29,科威特,4732414,0.35,
106年6月,30,土耳其,4568264,0.33,
106年5月,1,中國大陸,336300827,23.6,
106年5月,2,美國,170385434,11.96,
106年5月,3,日本,149927691,10.52,
106年5月,4,香港,97443354,6.84,
106年5月,5,南韓,74116200,5.2,
106年5月,6,新加坡,59964017,4.21,
106年5月,7,馬來西亞,45660898,3.2,
106年5月,8,德國,41542339,2.92,
106年5月,9,越南,34055057,2.39,
106年5月,10,澳大利亞,31645627,2.22,
106年5月,11,菲律賓,29633758,2.08,
106年5月,12,泰國,27301362,1.92,
106年5月,13,其他國家,22887589,1.61,
106年5月,14,荷蘭,22240500,1.56,
106年5月,15,印尼,21082459,1.48,
106年5月,16,沙烏地阿拉伯,18924426,1.33,
106年5月,17,印度,17695363,1.24,
106年5月,18,法國,15592010,1.09,
106年5月,19,英國,15173256,1.06,
106年5月,20,義大利,12992261,0.91,
106年5月,21,加拿大,11800748,0.83,
106年5月,22,阿拉伯聯合大公國,10187983,0.72,
106年5月,23,巴西,10103186,0.71,
106年5月,24,俄羅斯,9919988,0.7,
106年5月,25,科威特,9897453,0.69,
106年5月,26,墨西哥,7545880,0.53,
106年5月,27,伊朗,6413240,0.45,
106年5月,28,卡達,5597866,0.39,
106年5月,29,阿曼,5542581,0.39,
106年5月,30,比利時,5532653,0.39,
106年4月,1,中國大陸,314020382,22.69,
106年4月,2,美國,158284839,11.44,
106年4月,3,日本,156698981,11.32,
106年4月,4,香港,99408063,7.18,
106年4月,5,南韓,72124197,5.21,
106年4月,6,新加坡,61529495,4.45,
106年4月,7,馬來西亞,40252674,2.91,
106年4月,8,德國,38801629,2.8,
106年4月,9,越南,33947167,2.45,
106年4月,10,菲律賓,28108907,2.03,
106年4月,11,泰國,27435924,1.98,
106年4月,12,澳大利亞,26614231,1.92,
106年4月,13,荷蘭,23823747,1.72,
106年4月,14,沙烏地阿拉伯,21740052,1.57,
106年4月,15,印尼,21338134,1.54,
106年4月,16,印度,20119954,1.45,
106年4月,17,其他國家,19550422,1.41,
106年4月,18,阿拉伯聯合大公國,18648000,1.35,
106年4月,19,俄羅斯,13716926,0.99,
106年4月,20,英國,13404849,0.97,
106年4月,21,義大利,10795959,0.78,
106年4月,22,法國,9925068,0.72,
106年4月,23,加拿大,9230017,0.67,
106年4月,24,卡達,8042803,0.58,
106年4月,25,科威特,8000390,0.58,
106年4月,26,伊拉克,7549413,0.55,
106年4月,27,巴西,7287296,0.53,
106年4月,28,亞塞拜然,7283057,0.53,
106年4月,29,墨西哥,6536461,0.47,
106年4月,30,以色列,6388537,0.46,
106年3月,1,中國大陸,341969903,23.54,
106年3月,2,美國,167307259,11.52,
106年3月,3,日本,164542646,11.33,
106年3月,4,香港,107364457,7.39,
106年3月,5,南韓,81707769,5.62,
106年3月,6,新加坡,69951063,4.82,
106年3月,7,馬來西亞,44558214,3.07,
106年3月,8,德國,38654944,2.66,
106年3月,9,越南,34575426,2.38,
106年3月,10,菲律賓,32822456,2.26,
106年3月,11,澳大利亞,31125668,2.14,
106年3月,12,泰國,29833307,2.05,
106年3月,13,沙烏地阿拉伯,24142541,1.66,
106年3月,14,其他國家,21665355,1.49,
106年3月,15,印尼,20563826,1.42,
106年3月,16,荷蘭,18572083,1.28,
106年3月,17,印度,16327830,1.12,
106年3月,18,法國,15152244,1.04,
106年3月,19,英國,13700956,0.94,
106年3月,20,阿拉伯聯合大公國,13045589,0.9,
106年3月,21,俄羅斯,12696309,0.87,
106年3月,22,義大利,12347228,0.85,
106年3月,23,加拿大,8884831,0.61,
106年3月,24,墨西哥,7859257,0.54,
106年3月,25,巴西,7056778,0.49,
106年3月,26,科威特,6897124,0.47,
106年3月,27,伊朗,6815293,0.47,
106年3月,28,卡達,5893819,0.41,
106年3月,29,瑞士,5333704,0.37,
106年3月,30,比利時,5091918,0.35,
106年2月,1,中國大陸,291816903,22.58,
106年2月,2,日本,159436333,12.34,
106年2月,3,美國,137982198,10.68,
106年2月,4,香港,93794415,7.26,
106年2月,5,南韓,74342327,5.75,
106年2月,6,新加坡,64887750,5.02,
106年2月,7,馬來西亞,38961830,3.01,
106年2月,8,德國,33079421,2.56,
106年2月,9,菲律賓,31013721,2.4,
106年2月,10,越南,28559731,2.21,
106年2月,11,澳大利亞,25440119,1.97,
106年2月,12,泰國,25170820,1.95,
106年2月,13,其他國家,20440886,1.58,
106年2月,14,印尼,19635342,1.52,
106年2月,15,荷蘭,16654603,1.29,
106年2月,16,沙烏地阿拉伯,15697145,1.21,
106年2月,17,印度,15041278,1.16,
106年2月,18,科威特,14067046,1.09,
106年2月,19,阿拉伯聯合大公國,13452481,1.04,
106年2月,20,英國,12584742,0.97,
106年2月,21,俄羅斯,11135270,0.86,
106年2月,22,義大利,10981472,0.85,
106年2月,23,法國,10802018,0.84,
106年2月,24,巴西,9622539,0.74,
106年2月,25,加拿大,8195223,0.63,
106年2月,26,墨西哥,6469142,0.5,
106年2月,27,卡達,5917231,0.46,
106年2月,28,阿曼,5684289,0.44,
106年2月,29,以色列,5018238,0.39,
106年2月,30,比利時,4629574,0.36,
106年1月,1,中國大陸,320096661,22.97,
106年1月,2,美國,172761609,12.4,
106年1月,3,日本,144936659,10.4,
106年1月,4,香港,99798220,7.16,
106年1月,5,南韓,77088689,5.53,
106年1月,6,新加坡,72425712,5.2,
106年1月,7,馬來西亞,40109506,2.88,
106年1月,8,德國,38085868,2.73,
106年1月,9,澳大利亞,30855160,2.21,
106年1月,10,菲律賓,30586745,2.2,
106年1月,11,越南,30059621,2.16,
106年1月,12,泰國,25507011,1.83,
106年1月,13,沙烏地阿拉伯,24246959,1.74,
106年1月,14,其他國家,23566208,1.69,
106年1月,15,印尼,21706171,1.56,
106年1月,16,印度,17528306,1.26,
106年1月,17,荷蘭,16793870,1.21,
106年1月,18,法國,15400864,1.11,
106年1月,19,英國,14058561,1.01,
106年1月,20,義大利,11325812,0.81,
106年1月,21,阿拉伯聯合大公國,11294732,0.81,
106年1月,22,加拿大,11168606,0.8,
106年1月,23,巴西,9957738,0.71,
106年1月,24,科威特,8940033,0.64,
106年1月,25,俄羅斯,8077566,0.58,
106年1月,26,墨西哥,7678194,0.55,
106年1月,27,卡達,6602080,0.47,
106年1月,28,瑞士,5897653,0.42,
106年1月,29,比利時,4754156,0.34,
106年1月,30,以色列,4747436,0.34,
105年1-12月,1,中國大陸,3791704845,23.14,
105年1-12月,2,美國,1950006538,11.9,
105年1-12月,3,日本,1936992266,11.82,
105年1-12月,4,香港,1275079669,7.78,
105年1-12月,5,南韓,875326005,5.34,
105年1-12月,6,新加坡,762729708,4.66,
105年1-12月,7,德國,466486465,2.85,
105年1-12月,8,馬來西亞,454379295,2.77,
105年1-12月,9,越南,395168107,2.41,
105年1-12月,10,菲律賓,349895574,2.14,
105年1-12月,11,泰國,300196082,1.83,
105年1-12月,12,澳大利亞,291992088,1.78,
105年1-12月,13,荷蘭,277565531,1.69,
105年1-12月,14,其他國家,252047523,1.54,
105年1-12月,15,印尼,227680353,1.39,
105年1-12月,16,沙烏地阿拉伯,226921394,1.39,
105年1-12月,17,英國,176949508,1.08,
105年1-12月,18,印度,161256106,0.98,
105年1-12月,19,法國,147196681,0.9,
105年1-12月,20,義大利,131211593,0.8,
105年1-12月,21,阿拉伯聯合大公國,122338449,0.75,
105年1-12月,22,俄羅斯,112085442,0.68,
105年1-12月,23,加拿大,105602878,0.64,
105年1-12月,24,科威特,99648212,0.61,
105年1-12月,25,墨西哥,94956629,0.58,
105年1-12月,26,巴西,93501195,0.57,
105年1-12月,27,卡達,76492910,0.47,
105年1-12月,28,瑞士,64982395,0.4,
105年1-12月,29,比利時,53388854,0.33,
105年1-12月,30,以色列,50165538,0.31,
105年12月,1,中國大陸,353298106,23.84,
105年12月,2,美國,167922653,11.33,
105年12月,3,日本,165805968,11.19,
105年12月,4,香港,120153428,8.11,
105年12月,5,南韓,77630852,5.24,
105年12月,6,新加坡,72174573,4.87,
105年12月,7,德國,39832418,2.69,
105年12月,8,馬來西亞,37929342,2.56,
105年12月,9,菲律賓,36694682,2.48,
105年12月,10,越南,34329708,2.32,
105年12月,11,其他國家,29431686,1.99,
105年12月,12,荷蘭,28413223,1.92,
105年12月,13,澳大利亞,27183070,1.83,
105年12月,14,泰國,24283517,1.64,
105年12月,15,印尼,19364805,1.31,
105年12月,16,英國,15703323,1.06,
105年12月,17,沙烏地阿拉伯,15447143,1.04,
105年12月,18,印度,15290807,1.03,
105年12月,19,法國,15185434,1.02,
105年12月,20,阿拉伯聯合大公國,13199482,0.89,
105年12月,21,義大利,11113463,0.75,
105年12月,22,俄羅斯,10287426,0.69,
105年12月,23,加拿大,8785502,0.59,
105年12月,24,巴西,8343215,0.56,
105年12月,25,科威特,8109491,0.55,
105年12月,26,墨西哥,7662404,0.52,
105年12月,27,伊拉克,6873295,0.46,
105年12月,28,伊朗,6491827,0.44,
105年12月,29,卡達,5630765,0.38,
105年12月,30,以色列,5074140,0.34,
105年11月,1,中國大陸,357063701,24.58,
105年11月,2,美國,171547628,11.81,
105年11月,3,日本,162733091,11.2,
105年11月,4,香港,114723078,7.9,
105年11月,5,南韓,82338428,5.67,
105年11月,6,新加坡,72089038,4.96,
105年11月,7,馬來西亞,40351389,2.78,
105年11月,8,德國,37898660,2.61,
105年11月,9,越南,33383506,2.3,
105年11月,10,菲律賓,31535760,2.17,
105年11月,11,澳大利亞,29770512,2.05,
105年11月,12,其他國家,27616811,1.9,
105年11月,13,泰國,25651547,1.77,
105年11月,14,印尼,18411210,1.27,
105年11月,15,荷蘭,17295201,1.19,
105年11月,16,沙烏地阿拉伯,16620819,1.14,
105年11月,17,法國,16008747,1.1,
105年11月,18,印度,15341400,1.06,
105年11月,19,英國,14403022,0.99,
105年11月,20,義大利,11323486,0.78,
105年11月,21,阿拉伯聯合大公國,9312990,0.64,
105年11月,22,俄羅斯,9045250,0.62,
105年11月,23,加拿大,8183442,0.56,
105年11月,24,巴西,8176333,0.56,
105年11月,25,科威特,7698352,0.53,
105年11月,26,墨西哥,6861538,0.47,
105年11月,27,瑞士,5891430,0.41,
105年11月,28,比利時,4591993,0.32,
105年11月,29,以色列,4268621,0.29,
105年11月,30,西班牙,4237467,0.29,
105年10月,1,中國大陸,370397932,24.11,
105年10月,2,日本,180856729,11.77,
105年10月,3,美國,172235414,11.21,
105年10月,4,香港,116745804,7.6,
105年10月,5,南韓,86219762,5.61,
105年10月,6,新加坡,69118443,4.5,
105年10月,7,馬來西亞,44067170,2.87,
105年10月,8,德國,42640035,2.78,
105年10月,9,越南,36731747,2.39,
105年10月,10,菲律賓,34446950,2.24,
105年10月,11,荷蘭,27777722,1.81,
105年10月,12,澳大利亞,27368903,1.78,
105年10月,13,泰國,27009557,1.76,
105年10月,14,其他國家,25140004,1.64,
105年10月,15,沙烏地阿拉伯,22206878,1.45,
105年10月,16,印尼,21859400,1.42,
105年10月,17,印度,17596402,1.15,
105年10月,18,英國,16083247,1.05,
105年10月,19,法國,15591700,1.01,
105年10月,20,阿拉伯聯合大公國,12926701,0.84,
105年10月,21,科威特,12421674,0.81,
105年10月,22,義大利,10590697,0.69,
105年10月,23,加拿大,10583142,0.69,
105年10月,24,俄羅斯,10189645,0.66,
105年10月,25,巴西,7916542,0.52,
105年10月,26,墨西哥,7846622,0.51,
105年10月,27,卡達,7241492,0.47,
105年10月,28,安哥拉,6157188,0.4,
105年10月,29,瑞士,5800724,0.38,
105年10月,30,伊朗,5276848,0.34,
105年9月,1,中國大陸,302134606,23.57,
105年9月,2,日本,158479597,12.36,
105年9月,3,美國,147989066,11.54,
105年9月,4,香港,107850829,8.41,
105年9月,5,南韓,70906361,5.53,
105年9月,6,新加坡,62666983,4.89,
105年9月,7,馬來西亞,37575554,2.93,
105年9月,8,德國,37572172,2.93,
105年9月,9,越南,30089000,2.35,
105年9月,10,菲律賓,26613820,2.08,
105年9月,11,其他國家,23188245,1.81,
105年9月,12,澳大利亞,23091660,1.8,
105年9月,13,荷蘭,22744146,1.77,
105年9月,14,泰國,22424626,1.75,
105年9月,15,印尼,17263518,1.35,
105年9月,16,沙烏地阿拉伯,13234603,1.03,
105年9月,17,英國,13050892,1.02,
105年9月,18,印度,12586570,0.98,
105年9月,19,法國,9790865,0.76,
105年9月,20,義大利,8728295,0.68,
105年9月,21,巴西,8412690,0.66,
105年9月,22,阿拉伯聯合大公國,7744318,0.6,
105年9月,23,加拿大,7727401,0.6,
105年9月,24,俄羅斯,7575300,0.59,
105年9月,25,墨西哥,6756342,0.53,
105年9月,26,卡達,5001821,0.39,
105年9月,27,瑞士,4522441,0.35,
105年9月,28,以色列,3843479,0.3,
105年9月,29,西班牙,3715063,0.29,
105年9月,30,科威特,3583079,0.28,
105年8月,1,中國大陸,330723465,23.2,
105年8月,2,日本,167671905,11.76,
105年8月,3,美國,167257547,11.73,
105年8月,4,香港,111376131,7.81,
105年8月,5,南韓,79557170,5.58,
105年8月,6,新加坡,69055717,4.84,
105年8月,7,德國,39802517,2.79,
105年8月,8,馬來西亞,39504855,2.77,
105年8月,9,越南,34408304,2.41,
105年8月,10,菲律賓,29293859,2.06,
105年8月,11,泰國,25663263,1.8,
105年8月,12,荷蘭,24733284,1.74,
105年8月,13,澳大利亞,23919980,1.68,
105年8月,14,其他國家,23753675,1.67,
105年8月,15,沙烏地阿拉伯,21238952,1.49,
105年8月,16,印尼,17398927,1.22,
105年8月,17,英國,14974538,1.05,
105年8月,18,印度,12741799,0.89,
105年8月,19,科威特,11463466,0.8,
105年8月,20,法國,11383832,0.8,
105年8月,21,義大利,11153515,0.78,
105年8月,22,加拿大,9264557,0.65,
105年8月,23,俄羅斯,9085268,0.64,
105年8月,24,巴西,8917566,0.63,
105年8月,25,阿拉伯聯合大公國,8105878,0.57,
105年8月,26,墨西哥,7272460,0.51,
105年8月,27,卡達,6404772,0.45,
105年8月,28,伊朗,5187902,0.36,
105年8月,29,以色列,4911912,0.34,
105年8月,30,阿曼,4678304,0.33,
105年7月,1,中國大陸,320147174,22.42,
105年7月,2,日本,174323578,12.21,
105年7月,3,美國,166395419,11.65,
105年7月,4,香港,113408783,7.94,
105年7月,5,南韓,79482207,5.57,
105年7月,6,新加坡,62185360,4.35,
105年7月,7,德國,40961734,2.87,
105年7月,8,馬來西亞,39863659,2.79,
105年7月,9,越南,33527032,2.35,
105年7月,10,菲律賓,30002028,2.1,
105年7月,11,荷蘭,29772776,2.08,
105年7月,12,泰國,25499251,1.79,
105年7月,13,沙烏地阿拉伯,24521862,1.72,
105年7月,14,澳大利亞,23104230,1.62,
105年7月,15,其他國家,20880425,1.46,
105年7月,16,印尼,20384950,1.43,
105年7月,17,英國,15955541,1.12,
105年7月,18,印度,13152169,0.92,
105年7月,19,法國,10934905,0.77,
105年7月,20,義大利,10537586,0.74,
105年7月,21,阿拉伯聯合大公國,10416476,0.73,
105年7月,22,俄羅斯,10049100,0.7,
105年7月,23,巴西,9706912,0.68,
105年7月,24,卡達,9105850,0.64,
105年7月,25,墨西哥,8383737,0.59,
105年7月,26,加拿大,8252403,0.58,
105年7月,27,瑞士,7336879,0.51,
105年7月,28,科威特,6868399,0.48,
105年7月,29,阿曼,6304145,0.44,
105年7月,30,以色列,4928693,0.35,
105年6月,1,中國大陸,298276507,21.84,
105年6月,2,美國,171468328,12.56,
105年6月,3,日本,168565017,12.34,
105年6月,4,香港,104597939,7.66,
105年6月,5,南韓,75313173,5.51,
105年6月,6,新加坡,63456521,4.65,
105年6月,7,馬來西亞,39173599,2.87,
105年6月,8,德國,36525929,2.67,
105年6月,9,越南,32649092,2.39,
105年6月,10,菲律賓,31735701,2.32,
105年6月,11,泰國,26922897,1.97,
105年6月,12,澳大利亞,25603052,1.87,
105年6月,13,荷蘭,24453135,1.79,
105年6月,14,沙烏地阿拉伯,20650962,1.51,
105年6月,15,其他國家,17435569,1.28,
105年6月,16,印尼,17090834,1.25,
105年6月,17,英國,13409336,0.98,
105年6月,18,科威特,12746222,0.93,
105年6月,19,法國,12483276,0.91,
105年6月,20,印度,12414287,0.91,
105年6月,21,義大利,11465883,0.84,
105年6月,22,阿拉伯聯合大公國,10606531,0.78,
105年6月,23,俄羅斯,10238193,0.75,
105年6月,24,加拿大,8879105,0.65,
105年6月,25,墨西哥,7235768,0.53,
105年6月,26,卡達,6724481,0.49,
105年6月,27,巴西,6244615,0.46,
105年6月,28,智利,5215348,0.38,
105年6月,29,瑞士,4950970,0.36,
105年6月,30,以色列,4576448,0.34,
105年5月,1,中國大陸,327818162,23.23,
105年5月,2,美國,173530452,12.3,
105年5月,3,日本,160401741,11.37,
105年5月,4,香港,105030596,7.44,
105年5月,5,南韓,69352485,4.92,
105年5月,6,新加坡,61883987,4.39,
105年5月,7,德國,40858007,2.9,
105年5月,8,馬來西亞,39749425,2.82,
105年5月,9,越南,35387808,2.51,
105年5月,10,菲律賓,28308696,2.01,
105年5月,11,泰國,27319033,1.94,
105年5月,12,澳大利亞,26222054,1.86,
105年5月,13,荷蘭,24873472,1.76,
105年5月,14,其他國家,21625405,1.53,
105年5月,15,沙烏地阿拉伯,20115255,1.43,
105年5月,16,印尼,19949001,1.41,
105年5月,17,英國,15905854,1.13,
105年5月,18,印度,12663437,0.9,
105年5月,19,義大利,12111765,0.86,
105年5月,20,法國,11747640,0.83,
105年5月,21,阿拉伯聯合大公國,11612211,0.82,
105年5月,22,加拿大,9457028,0.67,
105年5月,23,科威特,8535990,0.61,
105年5月,24,俄羅斯,8451015,0.6,
105年5月,25,巴西,7844207,0.56,
105年5月,26,墨西哥,7362174,0.52,
105年5月,27,卡達,7179987,0.51,
105年5月,28,亞塞拜然,6216901,0.44,
105年5月,29,伊拉克,5586391,0.4,
105年5月,30,以色列,5423691,0.38,
105年4月,1,中國大陸,294082136,23.07,
105年4月,2,美國,157514190,12.35,
105年4月,3,日本,144644930,11.34,
105年4月,4,香港,100162889,7.86,
105年4月,5,南韓,64967613,5.1,
105年4月,6,新加坡,55951284,4.39,
105年4月,7,德國,37864009,2.97,
105年4月,8,馬來西亞,35585617,2.79,
105年4月,9,越南,32576215,2.56,
105年4月,10,菲律賓,26020723,2.04,
105年4月,11,澳大利亞,25237847,1.98,
105年4月,12,泰國,23495910,1.84,
105年4月,13,沙烏地阿拉伯,19054282,1.49,
105年4月,14,印尼,18223997,1.43,
105年4月,15,荷蘭,17528789,1.37,
105年4月,16,其他國家,16458309,1.29,
105年4月,17,英國,14423098,1.13,
105年4月,18,印度,12488242,0.98,
105年4月,19,法國,11190209,0.88,
105年4月,20,義大利,10961510,0.86,
105年4月,21,墨西哥,10886221,0.85,
105年4月,22,阿拉伯聯合大公國,10689469,0.84,
105年4月,23,加拿大,8292563,0.65,
105年4月,24,俄羅斯,7783421,0.61,
105年4月,25,科威特,7137176,0.56,
105年4月,26,卡達,6494752,0.51,
105年4月,27,巴西,6324334,0.5,
105年4月,28,比利時,5240522,0.41,
105年4月,29,伊朗,5223940,0.41,
105年4月,30,西班牙,4980608,0.39,
105年3月,1,中國大陸,308736573,22.97,
105年3月,2,美國,164330453,12.23,
105年3月,3,日本,163846804,12.19,
105年3月,4,香港,106347303,7.91,
105年3月,5,南韓,70424168,5.24,
105年3月,6,新加坡,59311857,4.41,
105年3月,7,德國,40588749,3.02,
105年3月,8,越南,36568001,2.72,
105年3月,9,馬來西亞,36171670,2.69,
105年3月,10,菲律賓,27584045,2.05,
105年3月,11,泰國,26164507,1.95,
105年3月,12,澳大利亞,23005319,1.71,
105年3月,13,荷蘭,20660676,1.54,
105年3月,14,印尼,20517552,1.53,
105年3月,15,沙烏地阿拉伯,16738811,1.25,
105年3月,16,其他國家,16428978,1.22,
105年3月,17,英國,15362305,1.14,
105年3月,18,印度,12595387,0.94,
105年3月,19,義大利,11475565,0.85,
105年3月,20,法國,10884024,0.81,
105年3月,21,加拿大,9984819,0.74,
105年3月,22,墨西哥,9011045,0.67,
105年3月,23,俄羅斯,8949834,0.67,
105年3月,24,巴西,7843912,0.58,
105年3月,25,阿拉伯聯合大公國,7519092,0.56,
105年3月,26,科威特,6881742,0.51,
105年3月,27,瑞士,6660594,0.5,
105年3月,28,卡達,5144530,0.38,
105年3月,29,亞塞拜然,5038072,0.37,
105年3月,30,比利時,4549551,0.34,
105年2月,1,中國大陸,214516797,20.73,
105年2月,2,日本,134400795,12.99,
105年2月,3,美國,124638247,12.04,
105年2月,4,香港,70832946,6.84,
105年2月,5,新加坡,55728843,5.38,
105年2月,6,南韓,53954160,5.21,
105年2月,7,德國,31815381,3.07,
105年2月,8,馬來西亞,29506989,2.85,
105年2月,9,越南,24129025,2.33,
105年2月,10,泰國,20383996,1.97,
105年2月,11,菲律賓,20269799,1.96,
105年2月,12,荷蘭,18149496,1.75,
105年2月,13,澳大利亞,16954758,1.64,
105年2月,14,印尼,16180226,1.56,
105年2月,15,沙烏地阿拉伯,14721272,1.42,
105年2月,16,其他國家,13953067,1.35,
105年2月,17,印度,12003166,1.16,
105年2月,18,英國,11954674,1.16,
105年2月,19,義大利,9823074,0.95,
105年2月,20,俄羅斯,9435433,0.91,
105年2月,21,法國,8652848,0.84,
105年2月,22,阿拉伯聯合大公國,7692702,0.74,
105年2月,23,加拿大,7252516,0.7,
105年2月,24,墨西哥,6844413,0.66,
105年2月,25,巴西,6554805,0.63,
105年2月,26,卡達,6296680,0.61,
105年2月,27,科威特,5820019,0.56,
105年2月,28,瑞士,4580436,0.44,
105年2月,29,智利,3820956,0.37,
105年2月,30,伊拉克,3737816,0.36,
105年1月,1,中國大陸,314509686,23.37,
105年1月,2,美國,165177141,12.27,
105年1月,3,日本,155262111,11.54,
105年1月,4,香港,103849943,7.72,
105年1月,5,南韓,65179626,4.84,
105年1月,6,新加坡,59107102,4.39,
105年1月,7,德國,40126854,2.98,
105年1月,8,馬來西亞,34900026,2.59,
105年1月,9,越南,31388669,2.33,
105年1月,10,菲律賓,27389511,2.04,
105年1月,11,泰國,25377978,1.89,
105年1月,12,沙烏地阿拉伯,22370555,1.66,
105年1月,13,荷蘭,21163611,1.57,
105年1月,14,印尼,21035933,1.56,
105年1月,15,澳大利亞,20530703,1.53,
105年1月,16,其他國家,16135349,1.2,
105年1月,17,英國,15723678,1.17,
105年1月,18,法國,13343201,0.99,
105年1月,19,阿拉伯聯合大公國,12512599,0.93,
105年1月,20,印度,12382440,0.92,
105年1月,21,義大利,11926754,0.89,
105年1月,22,俄羅斯,10995557,0.82,
105年1月,23,加拿大,8940400,0.66,
105年1月,24,墨西哥,8833905,0.66,
105年1月,25,科威特,8382602,0.62,
105年1月,26,卡達,7430817,0.55,
105年1月,27,巴西,7216064,0.54,
105年1月,28,瑞士,6049474,0.45,
105年1月,29,比利時,5382813,0.4,
105年1月,30,智利,4695113,0.35,
